<?xml version="1.0" encoding="UTF-8"?>
<beans xmlns="http://www.springframework.org/schema/beans"
	xmlns:xsi="http://www.w3.org/2001/XMLSchema-instance" xmlns:context="http://www.springframework.org/schema/context"
	xmlns:jee="http://www.springframework.org/schema/jee" xmlns:tx="http://www.springframework.org/schema/tx"
	xsi:schemaLocation="http://www.springframework.org/schema/jee http://www.springframework.org/schema/jee/spring-jee-4.1.xsd
		http://www.springframework.org/schema/beans http://www.springframework.org/schema/beans/spring-beans.xsd
		http://www.springframework.org/schema/tx http://www.springframework.org/schema/tx/spring-tx-4.1.xsd
		http://www.springframework.org/schema/context http://www.springframework.org/schema/context/spring-context-4.1.xsd">


	<context:component-scan base-package="org.oguz.spring.web.model"></context:component-scan>

	<context:annotation-config></context:annotation-config>

	<beans profile="production">

		<jee:jndi-lookup id="dataSource" jndi-name="jdbc/SpringDB"
			expected-type="javax.sql.DataSource">
		</jee:jndi-lookup>
		<!-- <bean id="transactionManager"
			class="org.springframework.jdbc.datasource.DataSourceTransactionManager">
			<property name="dataSource" ref="dataSource"></property>
		</bean> -->
		<!-- Hibernate 4 SessionFactory Bean definition -->
		<bean id="sessionFactory"
			class="org.springframework.orm.hibernate4.LocalSessionFactoryBean">
			<property name="dataSource" ref="dataSource" />
			<property name="annotatedClasses">
				<list>
					<value>org.oguz.spring.web.model.User</value>
					<value>org.oguz.spring.web.model.Offer</value>
					<value>org.oguz.spring.web.model.Message</value>
				</list>
			</property>
			<property name="hibernateProperties">
				<props>
					<prop key="hibernate.dialect">org.hibernate.dialect.MySQLDialect</prop>
					<prop key="javax.persistence.validation.group.pre-persist">org.oguz.spring.web.model.dao.PersistanceValidationGroup
					</prop>
					<prop key="javax.persistence.validation.group.pre-remove">org.oguz.spring.web.model.dao.PersistanceValidationGroup
					</prop>
					<prop key="javax.persistence.validation.group.pre-update">org.oguz.spring.web.model.dao.PersistanceValidationGroup
					</prop>
					<prop key="hibernate.show_sql">true</prop>
				</props>
			</property>
		</bean>


		 <bean id="transactionManager" class="org.springframework.orm.hibernate4.HibernateTransactionManager"> 
			<property name="sessionFactory" ref="sessionFactory" /> 
			</bean> 

		<bean id="persistenceExceptionTranslationPostProcessor"
			class="org.springframework.dao.annotation.PersistenceExceptionTranslationPostProcessor" />

		<tx:annotation-driven />
	</beans>

</beans>
