<?xml version="1.0" encoding="UTF-8"?>
<beans xmlns="http://www.springframework.org/schema/beans"
	xmlns:xsi="http://www.w3.org/2001/XMLSchema-instance" xmlns:mvc="http://www.springframework.org/schema/mvc"
	xmlns:context="http://www.springframework.org/schema/context"
	xmlns:webflow-config="http://www.springframework.org/schema/webflow-config"
	xsi:schemaLocation="http://www.springframework.org/schema/webflow-config http://www.springframework.org/schema/webflow-config/spring-webflow-config-2.4.xsd
		http://www.springframework.org/schema/mvc http://www.springframework.org/schema/mvc/spring-mvc-4.1.xsd
		http://www.springframework.org/schema/beans http://www.springframework.org/schema/beans/spring-beans.xsd
		http://www.springframework.org/schema/context http://www.springframework.org/schema/context/spring-context-4.1.xsd">



	<context:component-scan base-package="org.oguz.spring.web.controllers">
	</context:component-scan>
	<mvc:interceptors>

		<bean id="webContentInterceptor"
			class="org.springframework.web.servlet.mvc.WebContentInterceptor">
			<property name="cacheSeconds" value="0" />
			<property name="useExpiresHeader" value="true" />
			<property name="useCacheControlHeader" value="true" />
			<property name="useCacheControlNoStore" value="true" />
		</bean>
	</mvc:interceptors>
	<mvc:annotation-driven></mvc:annotation-driven>

	<!--<bean id="jspViewResolver" class="org.springframework.web.servlet.view.InternalResourceViewResolver"> 
		<property name="prefix" value="/WEB-INF/jsps/"></property> <property name="suffix" 
		value=".jsp"></property> </bean> -->


	<mvc:resources location="/resources/" mapping="/resource/**">
	</mvc:resources>

	<bean id="messageSource"
		class="org.springframework.context.support.ResourceBundleMessageSource">
		<property name="basename" value="org.oguz.spring.web.messages.messages_en_US"></property>
	</bean>

	<bean id="tilesViewResolver"
		class="org.springframework.web.servlet.view.tiles2.TilesViewResolver">
	</bean>

	<bean id="tilesConfigurer"
		class="org.springframework.web.servlet.view.tiles2.TilesConfigurer">
		<property name="definitions">
			<list>
				<value>/WEB-INF/layout/default.xml</value>
			</list>
		</property>
	</bean>


	<webflow-config:flow-registry id="flowRegistry"
		base-path="/WEB-INF/flows" flow-builder-services="flowBuilderServices">
		<webflow-config:flow-location path="contact-flow.xml"
			id="message">
		</webflow-config:flow-location>
	</webflow-config:flow-registry>

	<webflow-config:flow-executor id="flowExecutor"
		flow-registry="flowRegistry">
	</webflow-config:flow-executor>

	<bean id="flowHandlerAdapter"
		class="org.springframework.webflow.mvc.servlet.FlowHandlerAdapter">
		<property name="flowExecutor" ref="flowExecutor"></property>
	</bean>

	<bean id="flowHandlerMapping"
		class="org.springframework.webflow.mvc.servlet.FlowHandlerMapping">
		<property name="flowRegistry" ref="flowRegistry"></property>
		<property name="order" value="0"></property>
	</bean>

	<webflow-config:flow-builder-services
		id="flowBuilderServices" view-factory-creator="mvcViewFactoryCreator"
		validator="validator" />

	<bean id="mvcViewFactoryCreator"
		class="org.springframework.webflow.mvc.builder.MvcViewFactoryCreator">
		<property name="viewResolvers" ref="tilesViewResolver"></property>
	</bean>
	<bean id="validator"
		class="org.springframework.validation.beanvalidation.LocalValidatorFactoryBean">
	</bean>



	<bean id="mailSender" class="org.springframework.mail.javamail.JavaMailSenderImpl">
		<property name="host" value="smtp.gmail.com"></property>
		<property name="port" value="587"></property>
		<property name="username" value="oguzhan.karacullu@gmail.com"></property>
		<property name="password" value="dummypassword"></property>
		<property name="javaMailProperties">
			<props>
				<prop key="mail.smtp.auth">true</prop>
				<prop key="mail.smtp.starttls.enable">true</prop>
				<prop key="mail.smtp.ssl.trust">smtp.gmail.com</prop>
			</props>
		</property>
	</bean>
</beans>
